mode,threshold,auc,sensitivity,specificity,youden,accuracy,precision,tp,tn,fp,fn
youden,0.5440919995307922,0.9214039621016366,0.9444444444444444,0.751937984496124,0.6963824289405685,0.8396624472573839,0.7611940298507462,102,97,32,6
target_sensitivity,0.6349020004272461,0.9214039621016366,0.9074074074074074,0.7829457364341085,0.690353143841516,0.8396624472573839,0.7777777777777778,98,101,28,10
target_specificity,0.8528410196304321,0.9214039621016366,0.6944444444444444,0.9069767441860465,0.601421188630491,0.810126582278481,0.8620689655172413,75,117,12,33
