{
  "threshold": 0.600351,
  "auc": 0.9447674418604651,
  "sensitivity": 0.8819444444444444,
  "specificity": 0.9127906976744186,
  "accuracy": 0.8987341772151899,
  "youden": 0.7947351421188631,
  "composite": 0.9210675064599483,
  "precision": 0.8943661971830986,
  "tp": 127,
  "tn": 157,
  "fp": 15,
  "fn": 17
}